Date,Pivot Point,Support Level 1,Support Level 2,Resistance Level 1,Resistance Level 2
2020-09-30,10.006666501363119,8.603333155314129,7.706666310628256,10.903333346048992,12.306666692097982
2020-10-01,9.59666665395101,9.093332926432293,8.726665814717611,9.963333765665691,10.466667493184408
2020-10-02,9.139999707539877,8.999999682108562,8.799999554951986,9.339999834696453,9.479999860127768
2020-10-05,9.146666526794434,8.803333282470703,8.576666831970215,9.373332977294922,9.716666221618652
2020-10-06,9.65999984741211,9.139999389648438,8.379999160766602,10.420000076293945,10.940000534057617
2020-10-07,10.15999984741211,9.829999923706055,9.65999984741211,10.329999923706055,10.65999984741211
2020-10-08,10.129999796549479,9.859999974568684,9.71999994913737,10.269999821980793,10.539999643961588
2020-10-09,10.009999910990397,9.830000241597492,9.71000067392985,10.12999947865804,10.309999148050943
2020-10-12,9.866666793823242,9.683333396911621,9.476666450500488,10.073333740234375,10.256667137145996
2020-10-13,9.586666742960611,9.293333371480305,9.116666475931803,9.763333638509113,10.05666700998942
2020-10-14,9.429999987284342,9.200000127156574,9.06000010172526,9.570000012715656,9.799999872843424
2020-10-15,9.666666666666666,9.423333485921223,8.936667124430338,10.153333028157551,10.396666208902994
2020-10-16,9.773333231608072,9.596666653951008,9.483333269755045,9.886666615804035,10.0633331934611
2020-10-19,9.639999707539877,9.459999720255535,9.34999974568685,9.749999682108562,9.929999669392904
2020-10-20,9.40000025431315,9.140000661214192,9.010000864664713,9.530000050862629,9.789999643961588
2020-10-21,9.293333053588867,9.106666564941406,9.013333320617676,9.386666297912598,9.573332786560059
2020-10-22,9.550000190734863,9.350000381469727,9.020000457763672,9.880000114440918,10.079999923706055
2020-10-23,9.59666665395101,9.363333384195965,9.236666997273764,9.72333304087321,9.956666310628256
2020-10-26,9.84000015258789,9.710000038146973,9.470000267028809,10.079999923706055,10.210000038146973
2020-10-27,10.636666615804037,10.233333269755047,9.516666730244955,11.353333155314129,11.756666501363119
2020-10-28,10.645000139872232,10.305000623067219,9.760000864664713,11.189999898274738,11.529999415079752
2020-10-29,10.803333600362143,10.506666819254558,10.263333638509115,11.046666781107586,11.34333356221517
2020-10-30,10.220000267028809,9.760000228881836,9.390000343322754,10.59000015258789,11.050000190734863
2020-11-02,10.446666399637857,10.323333104451496,10.106666247049967,10.663333257039387,10.786666552225748
2020-11-03,10.626666386922201,10.313333193461101,10.126666386922201,10.813333193461101,11.126666386922201
2020-11-04,10.730000178019205,10.540000279744465,10.360000292460123,10.910000165303547,11.100000063578287
2020-11-05,11.620000203450521,11.110000292460125,10.34000047047933,12.390000025431316,12.899999936421713
2020-11-06,13.613333384195963,12.266666730244953,10.703333536783854,15.176666577657063,16.52333323160807
2020-11-09,14.893333117167154,13.886666615804035,13.103333155314127,15.676666577657063,16.68333307902018
2020-11-10,14.063333511352539,13.116666793823242,12.233333587646484,14.946666717529297,15.893333435058594
2020-11-11,15.443333307902018,14.916666348775227,13.873332659403482,16.486666997273762,17.01333395640055
2020-11-12,15.34999974568685,13.640000025431316,12.700000127156576,16.28999964396159,17.999999364217125
2020-11-13,15.429999987284342,14.859999974568684,13.919999758402506,16.37000020345052,16.940000216166176
2020-11-16,15.680000305175781,15.260000228881836,14.59000015258789,16.350000381469727,16.770000457763672
2020-11-17,17.593333562215168,16.436667124430336,15.02333386739095,19.006666819254555,20.163333257039387
2020-11-18,18.230000178019207,17.210000356038414,16.52000109354655,18.91999944051107,19.939999262491863
2020-11-19,18.639999389648438,18.299999237060547,17.619998931884766,19.31999969482422,19.65999984741211
2020-11-20,18.60333315531413,17.546666463216148,16.94333330790202,19.206666310628258,20.263333002726238
2020-11-23,20.353333791097004,19.256666819254555,17.47333272298177,22.13666788736979,23.23333485921224
2020-11-24,22.906666437784832,21.543332417805992,19.26666514078776,25.183333714803062,26.546667734781902
2020-11-25,27.496666590372723,25.243333180745445,21.43666712443034,31.303332646687828,33.55666605631511
2020-11-27,29.093333562215168,24.686667124430336,21.713334401448567,32.06666628519694,36.473332722981766
2020-11-30,27.1233336130778,24.096667607625328,21.08333460489909,30.13666661580404,33.163332621256515
2020-12-01,26.086666742960613,24.03333409627279,22.39666811625163,27.723332722981773,29.776665369669598
2020-12-02,22.35333315531413,21.306666692097984,20.10333315531413,23.556666692097984,24.60333315531413
2020-12-03,24.383333841959637,23.146666844685875,22.263333002726238,25.266667683919273,26.503334681193035
2020-12-04,24.200000127156574,23.160000483194985,22.470000584920246,24.890000025431313,25.929999669392902
2020-12-07,27.46000035603841,25.92000071207682,22.900000890096027,30.480000178019203,32.01999982198079
2020-12-08,29.02666664123535,26.81333351135254,25.036666870117188,30.803333282470703,33.016666412353516
2020-12-09,26.93666648864746,25.023332595825195,23.41666603088379,28.543333053588867,30.456666946411133
2020-12-10,26.74333381652832,25.446666717529297,23.85333251953125,28.336668014526367,29.63333511352539
2020-12-11,27.176666895548504,26.083333333333336,24.966665903727215,28.293334325154625,29.386667887369793
2020-12-14,27.40999984741211,26.559999465942383,25.8799991607666,28.09000015258789,28.940000534057617
2020-12-15,26.350000381469727,25.600000381469727,24.770000457763672,27.18000030517578,27.93000030517578
2020-12-16,25.730000178019207,25.300000508626304,24.68000094095866,26.34999974568685,26.779999415079754
2020-12-17,26.90999984741211,26.369998931884766,25.509998321533203,27.770000457763672,28.310001373291016
2020-12-18,26.206666310628254,25.56333223978678,25.156665166219074,26.61333338419596,27.256667455037434
2020-12-21,27.536666870117188,26.373332977294922,24.236665725708008,29.6733341217041,30.836668014526367
2020-12-22,28.093333562215168,26.76666704813639,25.49333318074544,29.366667429606117,30.693333943684895
2020-12-23,28.709999720255535,28.030000050862633,27.369999567667644,29.370000203450523,30.049999872843426
2020-12-24,28.143333435058594,27.126667022705078,26.503334045410156,28.766666412353516,29.78333282470703
2020-12-28,26.53999964396159,24.48999913533529,23.349999109903973,27.679999669392906,29.730000178019207
2020-12-29,25.06066640218099,23.939333597819008,23.21866734822591,25.781332651774086,26.902665456136067
2020-12-30,25.213333129882812,24.516666412353516,23.933332443237305,25.796667098999023,26.49333381652832
2020-12-31,23.929999669392902,23.140000025431313,22.730000813802082,24.339998881022133,25.129998524983723
2021-01-04,23.456666946411133,22.413333892822266,21.456666946411133,24.413333892822266,25.456666946411133
2021-01-05,24.053333282470703,23.43666648864746,22.273332595825195,25.21666717529297,25.83333396911621
2021-01-06,23.75,23.040000915527344,22.540000915527344,24.25,24.959999084472656
2021-01-07,24.62000020345052,24.049999872843422,23.099999745686848,25.570000330607094,26.14000066121419
2021-01-08,25.446667353312176,24.453334172566734,23.70666758219401,26.193333943684898,27.18666712443034
2021-01-11,25.613333384195965,24.626666386922203,23.32333246866862,26.916667302449547,27.90333429972331
2021-01-12,26.036666870117188,25.65333366394043,25.126667022705078,26.56333351135254,26.946666717529297
2021-01-13,26.019999821980793,24.609999338785805,23.719998677571613,26.910000483194985,28.320000966389973
2021-01-14,24.970000584920246,24.320000330607094,23.720000584920246,25.570000330607094,26.220000584920246
2021-01-15,26.366666158040363,24.733332316080727,23.82666524251302,27.27333323160807,28.906667073567707
2021-01-19,26.720000584920246,25.90000025431315,25.179999669392902,27.440001169840492,28.26000150044759
2021-01-20,26.446666717529297,25.593334197998047,24.846668243408203,27.19333267211914,28.04666519165039
2021-01-21,25.986666361490887,25.293332417805992,24.606665293375652,26.673333485921226,27.36666742960612
2021-01-22,30.350001017252605,28.050000508626304,23.519999186197918,34.88000233968099,37.180002848307296
2021-01-25,35.1233336130778,30.666665395100907,25.103331247965492,40.68666776021321,45.1433359781901
2021-01-26,35.519999186197914,34.16999944051106,32.96999994913737,36.71999867757161,38.06999842325846
2021-01-27,38.75,32.5,26.0,45.25,51.5
2021-01-28,36.91999944051107,31.83999888102214,28.019997914632164,40.740000406901046,45.820000966389976
2021-01-29,35.949999491373696,33.89000066121419,32.6000010172526,37.23999913533528,39.29999796549479
2021-02-01,34.0533332824707,32.48666763305664,31.013336181640625,35.52666473388672,37.09333038330078
2021-02-02,31.906667073567707,29.61333338419596,28.206666310628254,33.313334147135414,35.60666783650716
2021-02-03,32.03000005086263,31.109999338785812,30.45999844868978,32.680000940958664,33.600001653035484
2021-02-04,32.09333292643229,31.006665547688797,29.963331858317055,33.13666661580403,34.223333994547524
2021-02-05,33.666666666666664,32.133332570393875,30.21666590372721,35.58333333333333,37.11666742960612
2021-02-08,37.0533332824707,34.88666534423828,33.723331451416016,38.21666717529297,40.38333511352539
2021-02-09,37.518333435058594,36.78166580200195,35.393333435058594,38.90666580200195,39.643333435058594
2021-02-10,36.313334147135414,34.38666661580403,33.07333246866862,37.62666829427083,39.55333582560221
2021-02-11,33.90000025431315,31.82000096638997,30.530001322428383,35.189999898274735,37.269999186197914
2021-02-12,32.300000508626304,30.949999491373703,29.98999913533529,33.26000086466472,34.61000188191732
2021-02-16,28.52666664123535,26.613332748413086,25.38666534423828,29.753334045410156,31.666667938232422
2021-02-17,27.93666648864746,26.143333435058594,25.206666946411133,28.873332977294922,30.66666603088379
2021-02-18,25.326666514078777,24.34333356221517,23.516667048136394,26.153333028157554,27.13666598002116
2021-02-19,28.619999567667644,27.280000050862633,25.56000010172526,30.339999516805015,31.679999033610027
2021-02-22,28.57533327738444,26.960666020711265,25.921332041422527,29.61466725667318,31.229334513346355
2021-02-23,26.03666623433431,24.61333338419596,22.476666768391926,28.173332850138344,29.59666570027669
2021-02-24,26.456666310628254,25.68333307902018,24.976666768391926,27.163332621256508,27.936665852864582
2021-02-25,24.516666412353516,22.593332290649414,21.226665496826172,25.883333206176758,27.80666732788086
2021-02-26,23.700000127156574,22.90000025431315,21.900000890096027,24.699999491373696,25.49999936421712
2021-03-01,25.109999974568684,24.320000330607094,23.83000119527181,25.59999910990397,26.38999875386556
2021-03-02,24.77666664123535,23.963333129882812,23.446666717529297,25.293333053588867,26.106666564941406
2021-03-03,24.062666575113933,22.957333882649742,22.32466761271159,24.695332845052086,25.800665537516277
2021-03-04,24.446666081746418,23.333332697550453,21.936665852864582,25.84333292643229,26.956666310628254
2021-03-05,22.93666712443034,21.193333943684898,18.43666712443034,25.693333943684898,27.43666712443034
2021-03-08,23.166666666666668,21.75333340962728,20.986666361490887,23.933333714803062,25.34666697184245
2021-03-09,24.03333346048991,23.326667149861656,22.393334070841473,24.966666539510094,25.673332850138348
2021-03-10,25.086666742960613,23.933333714803062,23.11666742960612,25.903333028157554,27.056666056315105
2021-03-11,26.383333206176758,25.926666259765625,25.123332977294922,27.18666648864746,27.643333435058594
2021-03-12,26.34000015258789,25.760000228881836,24.600000381469727,27.5,28.079999923706055
2021-03-15,26.856666564941406,26.24333381652832,25.696666717529297,27.40333366394043,28.016666412353516
2021-03-16,25.980000178019207,24.859999974568687,24.10999933878581,26.730000813802086,27.850001017252605
2021-03-17,25.079999287923176,24.429999033610024,23.649998982747395,25.859999338785805,26.509999593098957
2021-03-18,24.31333351135254,23.446666717529297,22.913333892822266,24.84666633605957,25.713333129882812
2021-03-19,24.093332926432293,23.616666158040367,22.91333262125651,24.796666463216148,25.273333231608074
2021-03-22,24.333333333333332,23.74666659037272,23.27333386739095,24.806666056315102,25.393332799275715
2021-03-23,23.488333384195965,22.8716672261556,22.483334223429363,23.876666386922203,24.493332544962566
2021-03-24,22.371666590372723,21.258332570393883,20.63666598002116,22.993333180745445,24.106667200724285
2021-03-25,22.143332799275715,21.486666361490883,20.393332799275715,23.236666361490883,23.893332799275715
2021-03-26,22.463333129882812,21.876667022705078,21.1733341217041,23.16666603088379,23.753332138061523
2021-03-29,21.873332977294922,21.246665954589844,20.76333236694336,22.356666564941406,22.983333587646484
2021-03-30,21.663333892822266,21.23666763305664,20.433334350585938,22.46666717529297,22.893333435058594
2021-03-31,23.173333485921223,22.49666659037272,21.703332265218098,23.966667811075844,24.643334706624348
2021-04-01,23.25,22.549999237060547,22.029998779296875,23.770000457763672,24.470001220703125
2021-04-05,23.74333381652832,23.036666870117188,22.633333206176758,24.14666748046875,24.853334426879883
2021-04-06,23.236666997273762,22.86333338419596,22.456666310628254,23.64333407084147,24.01666768391927
2021-04-07,23.086666107177734,22.623332977294922,22.34666633605957,23.363332748413086,23.8266658782959
2021-04-08,23.25,22.899999618530273,22.389999389648438,23.760000228881836,24.110000610351562
2021-04-09,23.920000712076824,23.49000104268392,22.940001169840496,24.47000058492025,24.900000254313152
2021-04-12,23.53999964396159,22.530000050862633,21.71999994913737,24.34999974568685,25.35999933878581
2021-04-13,24.73300043741862,23.807000478108726,22.194000879923504,26.346000035603844,27.271999994913738
2021-04-14,24.516667048136394,22.833333333333336,21.966665903727215,25.383334477742515,27.066668192545574
2021-04-15,23.299999872843426,22.54000027974447,21.93000094095866,23.909999211629234,24.66999880472819
2021-04-16,22.676666259765625,22.093332290649414,21.716665267944336,23.053333282470703,23.636667251586914
2021-04-19,21.93333371480306,21.536667505900063,21.133334477742512,22.33666674296061,22.733332951863606
2021-04-20,21.856666564941406,21.163333892822266,20.546667098999023,22.47333335876465,23.16666603088379
2021-04-21,22.233332951863606,21.826666514078774,21.02333386739095,23.03666559855143,23.443332036336262
2021-04-22,22.96000035603841,22.410000483194985,21.96000035603841,23.410000483194985,23.96000035603841
2021-04-23,23.233332951863606,22.916666666666664,22.423333485921223,23.726666132609047,24.04333241780599
2021-04-26,23.94333330790202,23.626666386922203,23.14333216349284,24.426667531331383,24.7433344523112
2021-04-27,23.90333302815755,23.546665827433266,23.213332494099934,24.236666361490883,24.593333562215168
2021-04-28,23.81333351135254,23.456666946411133,23.06333351135254,24.206666946411133,24.56333351135254
2021-04-29,23.43999989827474,22.74000040690104,22.109999974568684,24.070000330607094,24.769999821980793
2021-04-30,23.143333435058594,22.73666763305664,22.433334350585938,23.446666717529297,23.85333251953125
2021-05-03,22.529999415079754,21.979998906453453,21.659998575846355,22.84999974568685,23.400000254313152
2021-05-04,21.570000330607098,20.939999898274742,20.240000406901043,22.269999821980797,22.900000254313152
2021-05-05,21.35333315531413,20.76666577657064,20.383331934611004,21.736666997273765,22.323334376017254
2021-05-06,20.173333485921223,19.326666514078774,18.56333287556966,20.936667124430336,21.783334096272785
2021-05-07,20.02666664123535,19.303333282470703,18.856666564941406,20.47333335876465,21.196666717529297
2021-05-10,18.649999618530273,18.0,17.530000686645508,19.119998931884766,19.76999855041504
2021-05-11,19.18833287556966,18.076666514078774,15.943333943684895,21.32166544596354,22.433331807454426
2021-05-12,19.133333206176758,18.266666412353516,17.643333435058594,19.75666618347168,20.623332977294922
2021-05-13,18.553333282470703,17.636667251586914,16.90333366394043,19.286666870117188,20.203332901000977
2021-05-14,19.603333791097004,19.006666819254555,17.93333371480306,20.6766668955485,21.27333386739095
2021-05-17,20.19333267211914,19.896665573120117,19.333332061767578,20.75666618347168,21.053333282470703
2021-05-18,21.040000279744465,20.45999972025553,19.679999669392902,21.820000330607094,22.400000890096027
2021-05-19,20.548333485921223,20.061667124430336,19.45333417256673,21.15666643778483,21.643332799275715
2021-05-20,20.566666920979817,20.32333437601725,20.03666814168294,20.853333155314125,21.09666570027669
2021-05-21,20.793333053588867,20.426666259765625,20.10333251953125,21.116666793823242,21.483333587646484
2021-05-24,21.138333002726238,20.756665547688804,20.293331782023113,21.60166676839193,21.983334223429363
2021-05-25,21.6233336130778,21.13666661580404,20.793333689371746,21.966666539510094,22.453333536783855
2021-05-26,21.950000127156574,21.660000483194985,21.200000127156574,22.410000483194985,22.700000127156574
2021-05-27,22.350000381469727,22.0,21.299999237060547,23.05000114440918,23.400001525878906
2021-05-28,23.486666997273762,22.223333994547524,21.496667226155598,24.213333765665688,25.476666768391926
2021-06-01,22.923333485921223,22.49666659037272,21.93333371480306,23.486666361490883,23.913333257039387
2021-06-02,24.036666870117188,23.233333587646484,22.016666412353516,25.253334045410156,26.05666732788086
2021-06-03,23.74333318074544,23.226666132609047,22.823333104451496,24.146666208902992,24.663333257039387
2021-06-04,24.00666681925456,23.523333867390953,23.016667048136394,24.513333638509117,24.996666590372723
2021-06-07,24.336666742960613,23.91333325703939,23.36666742960612,24.883332570393883,25.306666056315105
2021-06-08,24.513333002726238,23.796666463216148,23.21333376566569,25.096665700276695,25.813332239786785
2021-06-09,24.359999974568684,23.980000178019203,23.790000279744465,24.549999872843422,24.929999669392902
2021-06-10,23.989999771118164,23.59000015258789,23.040000915527344,24.53999900817871,24.939998626708984
2021-06-11,24.46999994913737,24.230000813802086,23.790001551310223,24.909999211629234,25.14999834696452
2021-06-14,24.873332977294922,24.59666633605957,24.19333267211914,25.27666664123535,25.553333282470703
2021-06-15,24.78333282470703,24.016666412353516,23.623332977294922,25.176666259765625,25.94333267211914
2021-06-16,24.53333346048991,24.126666386922203,23.453333536783855,25.206666310628258,25.613333384195965
2021-06-17,25.15333302815755,24.846666971842446,24.24333318074544,25.756666819254555,26.06333287556966
2021-06-18,25.443333943684895,24.946667353312172,24.52333386739095,25.866667429606117,26.36333401997884
2021-06-21,25.15999984741211,24.770000457763672,24.1200008392334,25.809999465942383,26.19999885559082
2021-06-22,25.293333053588867,25.066665649414062,24.73333168029785,25.626667022705078,25.853334426879883
2021-06-23,25.986666997273762,25.623333613077797,24.976666768391926,26.633333841959633,26.996667226155598
2021-06-24,26.46999994913737,26.230000813802086,25.93000094095866,26.769999821980797,27.009998957316082
2021-06-25,26.678333918253582,26.346667607625328,25.913334528605144,27.111666997273765,27.44333330790202
2021-06-28,27.246666590372723,26.993333180745445,26.606667200724285,27.633332570393883,27.88666598002116
2021-06-29,26.836666742960613,26.23333295186361,25.836666742960613,27.23333295186361,27.836666742960613
2021-06-30,26.496666590372723,26.0733331044515,25.786665598551433,26.78333409627279,27.20666758219401
2021-07-01,25.146666208902996,24.16333325703939,23.606667200724285,25.7033322652181,26.686665217081707
2021-07-02,24.703333536783855,24.06666692097982,23.69333330790202,25.076667149861656,25.71333376566569
2021-07-06,24.78333346048991,24.366666158040367,24.05333201090495,25.096667607625328,25.51333491007487
2021-07-07,23.28999964396159,22.319999059041344,21.749998728434246,23.859999974568687,24.830000559488933
2021-07-08,22.84666633605957,22.483333587646484,21.886667251586914,23.44333267211914,23.806665420532227
2021-07-09,23.14666684468587,22.903334299723305,22.51666768391927,23.533333460489906,23.776666005452473
2021-07-12,23.108333587646484,22.72166633605957,22.493331909179688,23.336668014526367,23.72333526611328
2021-07-13,22.62000020345052,22.250000635782875,22.0500005086263,22.820000330607094,23.18999989827474
2021-07-14,21.89666684468587,21.173332850138344,20.78666623433431,22.283333460489906,23.006667455037434
2021-07-15,21.511666615804035,20.96833292643229,20.46666653951009,22.013333002726235,22.55666669209798
2021-07-16,21.43999989827474,21.17000071207682,20.970000584920246,21.640000025431313,21.90999921162923
2021-07-19,21.260000228881836,20.829999923706055,20.119998931884766,21.970001220703125,22.400001525878906
2021-07-20,21.916666666666668,21.48333295186361,20.786665598551433,22.613334019978844,23.046667734781902
2021-07-21,22.440000534057617,22.200000762939453,21.880001068115234,22.760000228881836,23.0
2021-07-22,22.206666310628254,21.743332544962563,21.41666539510091,22.533333460489906,22.996667226155598
2021-07-23,21.799999872843426,21.519999821980797,21.230000178019207,22.089999516805015,22.369999567667644
2021-07-26,21.969999313354492,21.639999389648438,21.149999618530273,22.459999084472656,22.78999900817871
2021-07-27,21.626667022705078,21.143333435058594,20.606666564941406,22.163333892822266,22.64666748046875
2021-07-28,22.288333257039387,21.96166674296061,21.36333401997884,22.886665980021156,23.213332494099934
2021-07-29,22.390000025431316,21.929999669392906,21.679999033610027,22.640000661214195,23.100001017252605
2021-07-30,21.941999435424805,21.477998733520508,21.24599838256836,22.173999786376953,22.63800048828125
2021-08-02,21.983333587646484,21.59666633605957,21.093332290649414,22.48666763305664,22.873334884643555
2021-08-03,22.073333104451496,21.87666575113932,21.51333173116048,22.436667124430336,22.633334477742512
2021-08-04,22.303333282470703,22.066665649414062,21.833332061767578,22.536666870117188,22.773334503173828
2021-08-05,22.43666712443034,22.103333791097008,21.68666712443034,22.853333791097008,23.18666712443034
2021-08-06,22.100000381469727,21.510000228881836,21.200000762939453,22.40999984741211,23.0
2021-08-09,22.670000076293945,22.059999465942383,21.189998626708984,23.540000915527344,24.150001525878906
2021-08-10,23.073333740234375,22.626667022705078,22.33333396911621,23.366666793823242,23.81333351135254
2021-08-11,22.543333689371746,21.896666844685875,21.44333330790202,22.9966672261556,23.643334070841473
2021-08-12,24.744999567667644,23.729998906453453,22.569998423258465,25.905000050862633,26.920000712076824
2021-08-13,24.769999821980793,24.43999926249186,23.97999890645345,25.230000178019203,25.560000737508137
2021-08-16,24.390000025431316,23.88000043233236,23.260000864664715,25.00999959309896,25.519999186197918
2021-08-17,24.099999745686848,23.609999338785805,23.24999936421712,24.45999972025553,24.950000127156574
2021-08-18,24.96666717529297,23.99333381652832,22.706666946411133,26.253334045410156,27.226667404174805
2021-08-19,24.646666208902996,23.653333028157554,23.146666208902996,25.153333028157554,26.146666208902996
2021-08-20,24.049999872843426,23.620000203450523,23.230000178019207,24.439999898274742,24.869999567667644
2021-08-23,24.549999872843426,24.16999944051107,23.519999186197918,25.200000127156578,25.580000559488933
2021-08-24,25.070000330607098,24.79000027974447,24.480000178019207,25.38000043233236,25.660000483194988
2021-08-25,24.536666870117188,23.883333206176758,23.41666603088379,25.003334045410156,25.656667709350586
2021-08-26,24.880000432332356,24.350001017252602,23.83000119527181,25.40000025431315,25.929999669392902
2021-08-27,25.56999969482422,25.049999237060547,24.389999389648438,26.229999542236328,26.75
2021-08-30,25.99333381652832,25.386667251586914,25.013334274291992,26.366666793823242,26.97333335876465
2021-08-31,26.12000020345052,25.879999796549477,25.419999440511067,26.58000055948893,26.820000966389973
2021-09-01,26.246667226155598,25.98333422342936,25.76666768391927,26.463333765665688,26.726666768391926
2021-09-02,26.490000406901043,26.109999974568687,25.709999720255535,26.890000661214195,27.27000109354655
2021-09-03,26.53666623433431,26.323332468668617,26.0066655476888,26.853333155314125,27.066666920979817
2021-09-07,26.616666793823242,26.353334426879883,26.006668090820312,26.963333129882812,27.226665496826172
2021-09-08,25.71666653951009,24.823332468668617,24.066665013631184,26.473333994547524,27.366668065388996
2021-09-09,25.886666615804035,25.533333460489906,24.936667760213215,26.483332316080727,26.836665471394856
2021-09-10,26.393333435058594,26.05666732788086,25.83333396911621,26.616666793823242,26.953332901000977
2021-09-13,25.69966697692871,25.16033363342285,24.49066734313965,26.369333267211914,26.908666610717773
2021-09-14,26.286666870117188,25.873332977294922,25.486665725708008,26.6733341217041,27.086668014526367
2021-09-15,26.753333409627277,26.35666720072428,25.633334477742512,27.476666132609047,27.873332341512043
2021-09-16,28.14666684468587,27.5033327738444,26.3766663869222,29.27333323160807,29.916667302449543
2021-09-17,28.68999989827474,28.089998881022133,27.469998677571613,29.310000101725258,29.910001118977863
2021-09-20,26.90333302815755,25.706665674845375,24.863332112630207,27.74666659037272,28.943333943684895
2021-09-21,26.61633364359538,26.083667119344078,25.547333399454754,27.152667363484703,27.685333887736004
2021-09-22,27.26066716512044,26.75133387247721,26.072667439778645,27.939333597819008,28.44866689046224
2021-09-23,28.543333689371746,27.896666844685875,27.023333231608074,29.416667302449547,30.063334147135418
2021-09-24,28.406999588012695,28.053998947143555,27.547998428344727,28.913000106811523,29.266000747680664
2021-09-27,27.69333267211914,27.00666618347168,26.543333053588867,28.156665802001953,28.843332290649414
2021-09-28,25.893332799275715,24.65666643778483,23.97333272298177,26.576666514078774,27.81333287556966
2021-09-29,24.880000432332356,24.060000101725258,23.599999745686848,25.340000788370766,26.160001118977863
2021-09-30,24.323333104451496,23.596666971842446,23.15333302815755,24.76666704813639,25.49333318074544
2021-10-01,24.136666615804035,23.913332621256508,23.496665318806965,24.55333391825358,24.776667912801106
2021-10-04,23.413333257039387,22.776667277018227,22.383334477742512,23.806666056315102,24.443332036336262
2021-10-05,23.38666598002116,22.89333279927572,22.576666514078777,23.7033322652181,24.196665445963543
2021-10-06,23.980000178019207,22.950000127156578,22.320000330607098,24.609999974568687,25.640000025431316
2021-10-07,23.799999872843426,23.47000058492025,23.210001627604168,24.059998830159508,24.389998118082683
2021-10-08,23.56866709391276,23.041333516438804,22.582667032877605,24.02733357747396,24.554667154947918
2021-10-11,23.59000015258789,23.200000762939453,22.8700008392334,23.920000076293945,24.309999465942383
2021-10-12,23.59666697184245,23.383334477742515,23.07666842142741,23.903333028157554,24.116665522257488
2021-10-13,24.076666514078777,23.84333356221517,23.556667963663738,24.36333211263021,24.596665064493816
2021-10-14,24.421666463216145,24.133333841959633,23.916667302449543,24.638333002726235,24.926665623982746
2021-10-15,24.116666793823242,23.713333129882812,23.426666259765625,24.40333366394043,24.80666732788086
2021-10-18,24.18999989827474,23.99000040690104,23.720000584920246,24.45999972025553,24.65999921162923
2021-10-19,24.75000063578288,24.300000508626304,23.910000483194988,25.140000661214195,25.59000078837077
2021-10-20,24.4499994913737,23.939999898274742,23.660000483194988,24.729998906453453,25.23999849955241
2021-10-21,24.59666697184245,24.263333638509117,23.746666590372723,25.113334019978844,25.446667353312176
2021-10-22,24.510000228881836,24.170000076293945,23.90999984741211,24.770000457763672,25.110000610351562
2021-10-25,25.143333435058594,24.746665954589844,24.083332061767578,25.80666732788086,26.20333480834961
2021-10-26,25.84000015258789,24.93000030517578,24.34000015258789,26.43000030517578,27.34000015258789
2021-10-27,25.326666514078777,24.75333340962728,24.446667353312176,25.633332570393883,26.20666567484538
2021-10-28,25.518333435058594,25.241666793823242,24.843334197998047,25.91666603088379,26.19333267211914
2021-10-29,25.816666920979817,25.513333002726235,25.14666684468587,26.18333307902018,26.486666997273762
2021-11-01,26.362666447957356,26.08033243815104,25.6006654103597,26.842333475748696,27.124667485555012
2021-11-02,26.06499989827474,25.410000483194985,24.900000890096027,26.574999491373696,27.22999890645345
2021-11-03,25.84166717529297,25.448333740234375,24.77666664123535,26.513334274291992,26.906667709350586
2021-11-04,26.303333282470703,26.036666870117188,25.603334426879883,26.736665725708008,27.003332138061523
2021-11-05,26.116666158040363,25.603333155314125,25.206666310628254,26.513333002726235,27.026666005452473
2021-11-08,26.660000483194988,26.210000356038414,25.670000712076824,27.200000127156578,27.650000254313152
2021-11-09,24.726666768391926,23.473333994547524,22.69666798909505,25.5033327738444,26.7566655476888
2021-11-10,22.760000228881836,21.880001068115234,21.240001678466797,23.399999618530273,24.279998779296875
2021-11-11,22.928333282470703,22.726667404174805,22.463335037231445,23.191665649414062,23.39333152770996
2021-11-12,22.81166648864746,22.398332595825195,21.966665267944336,23.24333381652832,23.656667709350586
2021-11-15,23.293333689371746,23.06666692097982,22.723333994547527,23.63666661580404,23.863333384195965
2021-11-16,23.010000228881836,22.729999542236328,22.329999923706055,23.40999984741211,23.690000534057617
2021-11-17,22.702999750773113,22.186999638875328,21.883999506632488,23.005999883015953,23.521999994913738
2021-11-18,21.797332763671875,21.044666290283203,20.589332580566406,22.252666473388672,23.005332946777344
2021-11-19,21.556666056315105,21.153333028157554,20.896666208902996,21.813332875569664,22.216665903727215
2021-11-22,20.799999872843426,20.030000050862633,19.410000483194988,21.41999944051107,22.189999262491863
2021-11-23,20.56333287556966,20.076666514078774,19.56333287556966,21.076666514078774,21.56333287556966
2021-11-24,20.790000279744465,20.379999796549477,19.649998982747395,21.520001093546547,21.930001576741535
2021-11-26,20.82300059000651,20.556001027425133,20.082001368204754,21.29700024922689,21.56399981180827
2021-11-29,21.009999593098957,20.61999956766764,20.169999440511067,21.45999972025553,21.849999745686848
2021-11-30,20.670000076293945,20.09000015258789,19.530000686645508,21.229999542236328,21.809999465942383
2021-12-01,19.85333315531413,18.81666692097982,18.253334681193035,20.416665395100914,21.453331629435223
2021-12-02,19.553333282470703,19.196666717529297,18.703332901000977,20.046667098999023,20.40333366394043
2021-12-03,18.96999994913737,18.409999211629234,17.839998881022137,19.54000027974447,20.100001017252605
2021-12-06,18.614999771118164,18.260000228881836,17.720001220703125,19.154998779296875,19.509998321533203
2021-12-07,19.461666107177734,19.06833267211914,18.676666259765625,19.85333251953125,20.246665954589844
2021-12-08,19.55833371480306,19.291666666666664,18.763333638509113,20.08666674296061,20.353333791097004
2021-12-09,19.46666653951009,18.783333460489906,18.35666783650716,19.893332163492836,20.57666524251302
2021-12-10,19.073333740234375,18.566667556762695,18.193334579467773,19.446666717529297,19.953332901000977
2021-12-13,18.548333485921223,18.021666208902992,17.643332799275715,18.9266668955485,19.45333417256673
2021-12-14,18.46966616312663,18.08033307393392,17.520666758219402,19.029332478841148,19.418665568033855
2021-12-15,18.598333994547527,18.256667455037437,17.65333429972331,19.201667149861656,19.543333689371746
2021-12-16,18.536666870117188,17.953332901000977,17.566665649414062,18.9233341217041,19.506668090820312
2021-12-17,18.656666437784832,18.213332494099937,17.366665522257488,19.50333340962728,19.946667353312176
2021-12-20,18.154999415079754,17.639998753865562,17.319998423258465,18.47499974568685,18.990000406901043
2021-12-21,18.65999984741211,18.34000015258789,17.780000686645508,19.219999313354492,19.53999900817871
2021-12-22,18.99333318074544,18.53666559855143,18.193332036336262,19.33666674296061,19.79333432515462
2021-12-23,18.928333282470703,18.72166633605957,18.51333236694336,19.136667251586914,19.343334197998047
2021-12-27,18.990000406901043,18.730000813802086,18.52000109354655,19.200000127156578,19.459999720255535
2021-12-28,18.69333330790202,18.31666692097982,18.063334147135418,18.94666608174642,19.32333246866862
2021-12-29,18.226666768391926,17.853333155314125,17.53666623433431,18.543333689371742,18.916667302449543
2021-12-30,18.58500035603841,18.174999872843422,17.65999921162923,19.100001017252602,19.51000150044759
2021-12-31,18.446666081746418,17.97333208719889,17.73666508992513,18.68333307902018,19.156667073567707
2022-01-03,18.31966718037923,18.070334116617836,17.610667546590168,18.7793337504069,19.028666814168293
2022-01-04,18.266667048136394,17.693333943684898,17.216667811075848,18.743333180745445,19.31666628519694
2022-01-05,17.466000239054363,16.363999684651695,15.76800028483073,18.061999638875328,19.164000193277996
2022-01-06,16.65833346048991,16.13666661580404,15.53333346048991,17.26166661580404,17.78333346048991
2022-01-07,16.788333257039387,16.24666659037272,15.933333714803059,17.101666132609047,17.643332799275715
2022-01-10,16.140000025431316,15.710000356038414,14.920000712076824,16.929999669392906,17.35999933878581
2022-01-11,16.81999969482422,16.389999389648438,15.889999389648438,17.31999969482422,17.75
2022-01-12,16.85999933878581,16.25999959309896,15.799999872843426,17.319999059041344,17.91999880472819
2022-01-13,16.256666501363117,15.693333307902016,15.3766663869222,16.573333422342934,17.136666615804035
2022-01-14,15.959666887919107,15.670333226521809,15.330666224161783,16.299333890279133,16.58866755167643
2022-01-18,15.213333447774252,14.676666895548504,14.383333524068197,15.506666819254558,16.04333337148031
2022-01-19,14.783333460489908,14.316666920979817,14.073333422342936,15.02666695912679,15.493333498636881
2022-01-20,14.913333257039389,14.276666323343914,13.933332761128744,15.256666819254558,15.893333752950033
2022-01-21,13.835999806722006,13.193999926249187,12.858000119527182,14.171999613444012,14.81399949391683
2022-01-24,12.853333155314127,12.296666463216145,11.193333307902018,13.956666310628254,14.513333002726236
2022-01-25,13.163333574930826,12.726666768391926,12.393333117167154,13.496667226155598,13.933334032694498
2022-01-26,13.083333333333334,12.346666971842449,11.943333943684896,13.486666361490887,14.223332722981771
2022-01-27,12.513333320617676,11.966666221618652,11.653332710266113,12.826666831970215,13.373333930969238
2022-01-28,12.493333498636881,12.106666882832844,11.503333727518717,13.096666653951008,13.483333269755045
2022-01-31,13.40333334604899,13.066666920979817,12.423333803812662,14.046666463216145,14.383332888285318
2022-02-01,14.043333371480307,13.716666857401531,13.233333905537924,14.526666323343914,14.85333283742269
2022-02-02,13.569999694824219,12.9399995803833,12.559999465942383,13.949999809265137,14.579999923706055
2022-02-03,12.729999860127768,12.140000025431316,11.830000241597494,13.03999964396159,13.629999478658041
2022-02-04,12.765000025431315,12.439999898274738,11.940000216166178,13.264999707539875,13.589999834696451
2022-02-07,13.173333168029785,12.746665954589844,12.51333236694336,13.40666675567627,13.833333969116211
2022-02-08,12.986333211263021,12.783666292826336,12.417332967122396,13.35266653696696,13.555333455403646
2022-02-09,13.673333485921225,13.456666628519695,13.043333371480307,14.086666742960613,14.303333600362143
2022-02-10,13.698333422342936,13.231666882832844,12.90333334604899,14.02666695912679,14.493333498636881
2022-02-11,13.34000015258789,12.760000228881836,12.390000343322754,13.710000038146973,14.289999961853027
2022-02-14,13.34499994913737,12.894999821980793,12.529999415079752,13.71000035603841,14.160000483194986
2022-02-15,13.921666781107584,13.658333142598469,13.146666208902994,14.433333714803059,14.696667353312174
2022-02-16,13.963333447774252,13.666666666666668,13.363333066304525,14.266667048136394,14.563333829243978
2022-02-17,12.056666692097982,11.413333574930828,11.056666692097982,12.413333574930828,13.056666692097982
2022-02-18,11.200000127156576,10.390000025431316,9.759999593098959,11.830000559488933,12.640000661214193
2022-02-22,10.65500005086263,10.124999682108562,9.769999821980795,11.009999910990398,11.540000279744467
2022-02-23,10.696666717529297,10.133333206176758,9.836666107177734,10.99333381652832,11.55666732788086
2022-02-24,11.146666526794434,10.423333168029785,9.016666412353516,12.553333282470703,13.276666641235352
2022-02-25,11.453333536783854,11.016666730244953,10.5633331934611,11.906667073567707,12.343333880106607
2022-02-28,11.80666700998942,11.433333714803059,11.016667048136393,12.223333676656086,12.596666971842447
2022-03-01,12.136666933695475,11.753333409627277,11.326666514078775,12.563333829243977,12.946667353312174
2022-03-02,11.896666844685873,11.583333651224773,11.106666882832846,12.3733336130778,12.6866668065389
2022-03-03,11.543333371480307,11.031666437784832,10.723332722981771,11.851667086283367,12.363334019978842
2022-03-04,11.15666675567627,10.543333053588867,10.126666069030762,11.573333740234375,12.186667442321777
2022-03-07,11.320000012715658,10.890000025431316,10.670000394185385,11.53999964396159,11.969999631245932
2022-03-08,11.04966672261556,10.709333101908367,10.378666241963705,11.380333582560223,11.720667203267416
2022-03-09,11.646666844685873,11.273333231608074,10.896666844685873,12.023333231608074,12.396666844685873
2022-03-10,11.71999994913737,11.46999963124593,11.06999937693278,12.12000020345052,12.370000521341959
2022-03-11,11.588333447774252,11.171666781107586,10.953333218892416,11.806667009989422,12.223333676656088
2022-03-14,10.773333231608072,10.136666615804035,9.773333231608072,11.136666615804035,11.773333231608072
2022-03-15,10.630000432332357,10.410000483194988,10.050000508626303,10.990000406901043,11.210000356038412
2022-03-16,11.516666412353516,11.213333129882812,10.636666297912598,12.09333324432373,12.396666526794434
2022-03-17,12.116666475931803,11.863333066304524,11.40666643778483,12.573333104451496,12.826666514078775
2022-03-18,12.68500010172526,12.349999745686848,11.879999796549479,13.155000050862629,13.490000406901041
2022-03-21,12.6866668065389,12.323333422342937,12.056666692097982,12.953333536783855,13.316666920979818
2022-03-22,13.09000015258789,12.700000762939453,12.130001068115234,13.65999984741211,14.049999237060547
2022-03-23,13.25000031789144,12.950000445048016,12.720000584920248,13.480000178019207,13.78000005086263
2022-03-24,13.213333447774252,13.006666819254558,12.623333295186361,13.596666971842449,13.803333600362143
2022-03-25,13.02500025431315,12.655000050862629,12.339999834696451,13.340000470479328,13.71000067392985
2022-03-28,13.238333066304525,13.03666655222575,12.653333028157553,13.621666590372723,13.823333104451498
2022-03-29,13.943333307902018,13.606666882832844,13.013333956400553,14.536666234334309,14.873332659403482
2022-03-30,13.993333180745443,13.62666670481364,13.373333295186361,14.246666590372723,14.613333066304525
2022-03-31,13.806666692097982,13.553332964579266,13.376666386922201,13.983333269755047,14.236666997273764
2022-04-01,13.798333168029785,13.53166675567627,13.233333587646484,14.09666633605957,14.363332748413086
2022-04-04,14.4366668065389,14.213333765665691,13.796667416890463,14.853333155314129,15.076666196187338
2022-04-05,14.181666692097982,13.503333727518719,13.116667111714682,14.56833330790202,15.246666272481283
2022-04-06,13.130000114440918,12.720000267028809,12.440000534057617,13.40999984741211,13.819999694824219
2022-04-07,12.886666615804037,12.433333079020183,12.026666005452475,13.293333689371746,13.7466672261556
2022-04-08,12.773333231608072,12.496666272481281,12.293332735697428,12.976666768391926,13.253333727518717
2022-04-11,12.536666552225748,12.253333409627277,11.846666971842447,12.943332990010578,13.226666132609049
2022-04-12,12.695000012715658,12.19000021616618,11.920000394185385,12.964999834696453,13.469999631245932
2022-04-13,12.690333048502604,12.440666516621906,11.981333414713541,13.149666150410969,13.399332682291666
2022-04-14,12.583333333333334,12.246666590372723,12.073333104451498,12.756666819254558,13.09333356221517
2022-04-18,12.148333231608072,11.881666501363117,11.613333384195963,12.416666348775227,12.683333079020182
2022-04-19,12.666666666666666,12.31333287556966,11.716665903727213,13.263333638509113,13.61666742960612
2022-04-20,12.899999936421713,12.62999979654948,12.469999631245932,13.060000101725262,13.330000241597494
2022-04-21,12.62833340962728,11.926666895548504,11.523333867390951,13.031666437784832,13.733332951863607
2022-04-22,12.183333079020182,11.636666615804035,11.3133331934611,12.506666501363117,13.053332964579264
2022-04-25,11.983333269755045,11.80666669209798,11.503333727518717,12.286666234334309,12.463332811991373
2022-04-26,11.423333485921225,10.796666781107586,10.473333676656088,11.746666590372723,12.373333295186361
2022-04-27,10.761666615804037,10.328333536783855,10.09666665395101,10.993333498636883,11.426666577657064
2022-04-28,10.788333257039389,10.531666437784832,10.113333066304525,11.206666628519695,11.463333447774252
2022-04-29,10.66333293914795,10.09666633605957,9.793333053588867,10.966666221618652,11.533332824707031
2022-05-02,10.558333396911621,10.361666679382324,9.983333587646484,10.936666488647461,11.133333206176758
2022-05-03,10.65666643778483,10.333333333333332,10.116666475931803,10.87333329518636,11.196666399637857
2022-05-04,10.68999989827474,10.369999567667644,9.759999593098959,11.299999872843426,11.620000203450521
2022-05-05,10.299999872843424,9.799999554951984,9.479999224344889,10.62000020345052,11.120000521341959
2022-05-06,9.649999936421713,9.249999682108562,9.019999821980795,9.87999979654948,10.28000005086263
2022-05-09,7.543333371480306,7.236666838328043,7.013333638509114,7.766666571299234,8.073333104451496
2022-05-10,7.307666619618733,6.912333170572916,6.534666379292806,7.685333410898844,8.08066685994466
2022-05-11,6.96999994913737,6.399999936421713,6.089999834696452,7.280000050862631,7.850000063578288
2022-05-12,7.053333441416423,6.726666768391928,6.113333384195964,7.666666825612387,7.993333498636882
2022-05-13,8.070000171661377,7.789999961853027,7.239999771118164,8.62000036239624,8.90000057220459
2022-05-16,8.160000165303549,7.890000025431316,7.7400000890096035,8.310000101725262,8.580000241597494
2022-05-17,8.276666641235352,8.09333324432373,7.826666831970215,8.543333053588867,8.726666450500488
2022-05-18,8.120000203450521,7.810000101725262,7.6099999745686855,8.320000330607098,8.630000432332357
2022-05-19,8.278666973114014,7.9763336181640625,7.642666816711426,8.61233377456665,8.914667129516602
2022-05-20,8.0633331934611,7.726666768391926,7.373333613077799,8.416666348775227,8.7533327738444
2022-05-23,7.993333498636882,7.816666920979818,7.6233336130778,8.1866668065389,8.363333384195965
2022-05-24,7.636666615804036,7.283333460489908,7.016666730244954,7.90333334604899,8.256666501363117
2022-05-25,7.829333305358887,7.640666961669922,7.321333885192871,8.148666381835938,8.337332725524902
2022-05-26,8.176666418711344,7.953333218892414,7.546666781107584,8.583332856496174,8.806666056315104
2022-05-27,8.711333592732748,8.57266680399577,8.29533322652181,8.988667170206707,9.127333958943685
2022-05-31,8.780000368754068,8.46000035603841,8.240000406901041,9.000000317891438,9.320000330607096
2022-06-01,8.606333414713541,8.233666737874348,8.007333437601725,8.832666714986164,9.205333391825357
2022-06-02,9.050333658854166,8.710666974385578,8.121333758036295,9.63966687520345,9.979333559672037
2022-06-03,9.016666412353516,8.783332824707031,8.626666069030762,9.173333168029785,9.40666675567627
2022-06-06,8.989999771118164,8.769999504089355,8.559999465942383,9.199999809265137,9.420000076293945
2022-06-07,9.0,8.859999656677246,8.589999198913574,9.270000457763672,9.410000801086426
2022-06-08,9.230000178019205,9.040000279744465,8.90000025431315,9.37000020345052,9.56000010172526
2022-06-09,8.836666742960611,8.513333638509113,8.346666971842447,9.003333409627277,9.326666514078775
2022-06-10,8.326666831970215,8.073333740234375,7.886667251586914,8.513333320617676,8.766666412353516
2022-06-13,7.713333288828532,7.426666577657064,7.213333288828532,7.926666577657064,8.213333288828533
2022-06-14,7.795000076293945,7.610000133514404,7.400000095367432,8.005000114440918,8.190000057220459
2022-06-15,8.078333377838135,7.856666564941406,7.5933332443237305,8.34166669845581,8.563333511352539
2022-06-16,7.745000044504802,7.504999955495199,7.339999834696452,7.910000165303549,8.150000254313152
2022-06-17,8.086666584014893,7.8433332443237305,7.446666717529297,8.483333110809326,8.726666450500488
2022-06-21,8.773333549499512,8.49666690826416,8.283333778381348,8.986666679382324,9.263333320617676
2022-06-22,8.914999961853027,8.545000076293945,8.079999923706055,9.380000114440918,9.75
2022-06-23,9.266666730244955,9.03333346048991,8.606666882832846,9.69333330790202,9.926666577657064
2022-06-24,9.956666310628256,9.713332811991375,9.236666043599447,10.433333079020183,10.676666577657064
2022-06-27,9.763333320617676,9.366666793823242,9.113333702087402,10.016666412353516,10.41333293914795
2022-06-28,9.460000038146973,9.039999961853027,8.769999504089355,9.730000495910645,10.15000057220459
2022-06-29,9.239999771118164,9.059999465942383,8.889999389648438,9.40999984741211,9.59000015258789
2022-06-30,8.993333180745443,8.796666781107586,8.523333867390951,9.266666094462078,9.463332494099935
2022-07-01,9.243666966756185,9.05733362833659,8.844666798909506,9.45633379618327,9.642667134602865
2022-07-05,9.723333358764648,9.34666633605957,8.623332977294922,10.446666717529297,10.823333740234375
2022-07-06,9.950000127156576,9.589999834696453,9.379999478658041,10.160000483194988,10.520000775655111
2022-07-07,10.070000012715658,9.860000292460125,9.540000279744467,10.390000025431316,10.59999974568685
2022-07-08,10.126666704813639,9.87333329518636,9.576666514078775,10.423333485921223,10.676666895548502
2022-07-11,9.694666862487793,9.395333290100098,9.230666160583496,9.859333992004395,10.15866756439209
2022-07-12,9.573333422342936,9.186666806538899,8.883333841959635,9.8766663869222,10.263333002726236
2022-07-13,9.293333371480307,9.03666655222575,8.793333371480307,9.53666655222575,9.793333371480307
2022-07-14,9.009999910990397,8.740000089009602,8.580000559488932,9.169999440511067,9.439999262491861
2022-07-15,8.936666488647461,8.75333309173584,8.466666221618652,9.223333358764648,9.40666675567627
2022-07-18,9.161666552225748,8.87333329518636,8.71666685740153,9.318332990010578,9.606666247049967
2022-07-19,9.200000127156576,9.03000036875407,8.720000584920248,9.509999910990398,9.679999669392904
2022-07-20,9.916666348775228,9.63333288828532,9.156666119893393,10.393333117167156,10.676666577657064
2022-07-21,10.490000089009603,10.219999949137371,9.950000127156576,10.759999910990398,11.03000005086263
2022-07-22,10.046666463216146,9.523333231608074,9.206666310628256,10.363333384195965,10.886666615804037
2022-07-25,9.68333371480306,9.516667048136394,9.353333791097006,9.846666971842449,10.013333638509115
2022-07-26,9.479999860127768,9.299999872843426,9.200000127156576,9.579999605814617,9.759999593098959
2022-07-27,9.850000063578287,9.670000394185383,9.320000330607096,10.200000127156574,10.379999796549479
2022-07-28,10.023333231608072,9.846666653951008,9.5633331934611,10.30666669209798,10.483333269755045
2022-07-29,10.206666946411133,10.063333511352539,9.776666641235352,10.49333381652832,10.636667251586914
2022-08-01,10.43066660563151,10.161333401997883,9.852666536966959,10.739333470662434,11.00866667429606
2022-08-02,10.803333282470703,10.376667022705078,9.833333969116211,11.34666633605957,11.773332595825195
2022-08-03,11.193333307902018,11.046666463216145,10.893333117167154,11.346666653951008,11.493333498636881
2022-08-04,11.25333309173584,11.09666633605957,10.873332977294922,11.476666450500488,11.633333206176758
2022-08-05,11.306666692097982,10.993333498636883,10.536667188008627,11.763333002726238,12.076666196187338
2022-08-08,9.976666450500488,9.553333282470703,9.286666870117188,10.243332862854004,10.666666030883789
2022-08-09,9.276666641235352,8.983333587646484,8.716667175292969,9.543333053588867,9.836666107177734
2022-08-10,9.523333231608072,9.386666615804035,9.183333079020182,9.726666768391926,9.863333384195963
2022-08-11,9.623333295186361,9.19666639963786,8.973332722981771,9.846666971842449,10.273333867390951
2022-08-12,9.766666730244955,9.563333193461101,9.216666539510092,10.113333384195965,10.316666920979818
2022-08-15,9.923333485921225,9.746666590372723,9.583333333333334,10.086666742960613,10.263333638509115
2022-08-16,9.65999984741211,9.4399995803833,9.139999389648438,9.960000038146973,10.180000305175781
2022-08-17,9.459666887919107,9.300333340962727,9.170666376749674,9.58933385213216,9.748667399088541
2022-08-18,9.24666659037272,9.023332913716633,8.896666208902994,9.37333329518636,9.596666971842447
2022-08-19,8.666666666666666,8.323333104451496,8.136665980021158,8.853333791097004,9.196667353312174
2022-08-22,8.176666577657064,7.953333536783855,7.83666737874349,8.29333273569743,8.516665776570639
2022-08-23,8.09666665395101,7.913333574930828,7.816666920979818,8.19333330790202,8.376666386922201
2022-08-24,8.146666685740152,7.933333714803059,7.766667048136393,8.313333352406818,8.526666323343912
2022-08-25,8.300000190734863,8.170000076293945,7.920000076293945,8.550000190734863,8.680000305175781
2022-08-26,8.100000063578287,7.769999821980793,7.599999586741129,8.270000298817951,8.600000540415445
2022-08-29,7.856000105539958,7.71400006612142,7.618000189463298,7.95199998219808,8.094000021616619
2022-08-30,7.814999898274739,7.65499989191691,7.519999821980794,7.9499999682108555,8.109999974568684
2022-08-31,7.806666533152263,7.613333066304525,7.506666342417399,7.913333257039389,8.106666723887127
2022-09-01,7.443333148956299,7.266666412353516,7.043333053588867,7.666666507720947,7.8433332443237305
2022-09-02,7.473333358764648,7.276666641235352,7.1533331871032715,7.5966668128967285,7.793333530426025
2022-09-06,7.303333441416423,7.146666844685873,7.0133334795633955,7.4366668065389,7.59333340326945
2022-09-07,7.333333174387614,7.236666520436605,7.083333174387614,7.486666520436605,7.583333174387614
2022-09-08,7.443333466847737,7.356666723887125,7.183333237965901,7.616666952768961,7.703333695729573
2022-09-09,7.75,7.679999828338623,7.569999694824219,7.860000133514404,7.930000305175781
2022-09-12,7.953333377838135,7.876667022705078,7.74333381652832,8.086666584014893,8.16333293914795
2022-09-13,7.529999891916911,7.399999936421713,7.3199998537699384,7.6099999745686855,7.739999930063884
2022-09-14,7.53000005086263,7.429999987284342,7.229999860127767,7.730000178019205,7.830000241597493
2022-09-15,7.853333473205566,7.606666564941406,7.203332901000977,8.256667137145996,8.503334045410156
2022-09-16,7.7833333015441895,7.636666774749756,7.493333339691162,7.926666736602783,8.073333263397217
2022-09-19,7.766666730244954,7.673333326975504,7.4866665204366045,7.953333536783854,8.046666940053303
2022-09-20,7.711666584014893,7.508333206176758,7.396666526794434,7.823333263397217,8.026666641235352
2022-09-21,7.804999987284343,7.540000279744467,7.390000502268474,7.954999764760336,8.219999472300213
2022-09-22,7.449999809265137,7.159999847412109,6.949999809265137,7.659999847412109,7.949999809265137
2022-09-23,7.316666762034099,7.213333447774252,7.026666800181071,7.503333409627279,7.606666723887126
2022-09-26,7.570000012715657,7.31000010172526,7.089999993642171,7.790000120798746,8.050000031789143
2022-09-27,7.641666730244954,7.448333422342936,7.266666730244954,7.823333422342936,8.016666730244953
2022-09-28,7.853333314259847,7.706666628519693,7.473333199818929,8.086666742960611,8.233333428700764
2022-09-29,8.06333335240682,7.796666781107586,7.513333638509115,8.346666495005291,8.613333066304525
2022-09-30,8.20033343633016,7.90066687266032,7.671333630879721,8.42966667811076,8.7293332417806
2022-10-03,8.169999917348227,8.03999964396159,7.839999516805014,8.370000044504803,8.50000031789144
2022-10-04,8.46999994913737,8.330000241597492,8.200000445048014,8.599999745686848,8.739999453226725
2022-10-05,8.326666514078775,8.168333371480305,7.916666666666666,8.578333218892414,8.736666361490885
2022-10-06,8.461666742960611,8.323333104451496,8.176665941874186,8.608333905537922,8.746667544047037
2022-10-07,8.179999669392904,8.079999605814617,8.009999593098959,8.249999682108562,8.34999974568685
2022-10-10,8.040000279744467,7.900000254313152,7.7400000890096035,8.200000445048016,8.34000047047933
2022-10-11,8.011666615804037,7.728333155314129,7.4166663487752285,8.323333422342937,8.606666882832846
2022-10-12,7.9966667493184405,7.893333117167154,7.716666539510091,8.173333326975504,8.27666695912679
2022-10-13,7.948333263397217,7.696666717529297,7.313333511352539,8.331666469573975,8.583333015441895
2022-10-14,7.790000279744466,7.2700001398722325,7.010000069936116,8.050000349680582,8.570000489552815
2022-10-17,7.896666844685872,7.733333269755045,7.526666482289632,8.103333632151285,8.266667207082111
2022-10-18,8.176666577657064,8.023333231608074,7.886666615804037,8.313333193461101,8.466666539510092
2022-10-19,7.959999879201253,7.794999758402506,7.679999669392903,8.074999968210856,8.240000089009602
2022-10-20,8.010000069936117,7.759999910990398,7.4799998601277675,8.290000120798748,8.540000279744467
2022-10-21,8.139999866485596,7.960000038146973,7.630000114440918,8.46999979019165,8.649999618530273
2022-10-24,8.193333625793457,8.08666706085205,7.90333366394043,8.376667022705078,8.483333587646484
2022-10-25,8.559999783833822,8.459999720255535,8.259999593098959,8.759999910990398,8.859999974568685
2022-10-26,8.670000076293945,8.289999961853027,8.010000228881836,8.949999809265137,9.329999923706055
2022-10-27,8.613333384195963,8.446667035420734,8.293333689371744,8.766666730244953,8.933333079020182
2022-10-28,8.554999987284342,8.450000127156574,8.259999910990397,8.74500020345052,8.850000063578287
2022-10-31,8.683333396911621,8.536666870117188,8.283333778381348,8.936666488647461,9.083333015441895
2022-11-01,8.756666819254557,8.453333218892414,8.256666819254557,8.953333218892414,9.256666819254557
2022-11-02,8.393333435058594,8.026666641235352,7.8333330154418945,8.58666706085205,8.953333854675293
2022-11-03,8.083333333333334,7.866666475931805,7.653333028157553,8.296666781107586,8.513333638509115
2022-11-04,7.9266665776570635,7.65333334604899,7.376666863759358,8.203333059946695,8.476666291554768
2022-11-07,7.2533332506815595,6.656666596730551,6.293333212534587,7.616666634877523,8.213333288828533
2022-11-08,7.179999987284343,6.93999989827474,6.669999758402507,7.450000127156576,7.690000216166179
2022-11-09,7.038333257039388,6.891666571299234,6.803333123524983,7.126666704813639,7.273333390553792
2022-11-10,7.679999828338623,7.389999866485596,7.139999866485596,7.929999828338623,8.21999979019165
2022-11-11,8.068333307902018,7.71666653951009,7.023333231608072,8.761666615804035,9.113333384195963
2022-11-14,8.124333381652832,7.928667068481445,7.757333755493164,8.295666694641113,8.4913330078125
2022-11-15,8.321666717529297,8.173333168029785,8.00666618347168,8.488333702087402,8.636667251586914
2022-11-16,8.100000063578287,7.96000035603841,7.860000292460123,8.200000127156574,8.339999834696451
2022-11-17,7.675000031789144,7.469999949137369,7.320000012715657,7.8249999682108555,8.030000050862629
2022-11-18,7.496666590372722,7.203333218892416,7.016666571299235,7.683333237965902,7.976666609446208
2022-11-21,7.193333466847737,7.066666762034098,6.943333466847737,7.316666762034098,7.443333466847737
2022-11-22,7.149999936421712,7.049999872843424,6.879999955495198,7.319999853769938,7.419999917348226
2022-11-23,7.303333282470703,7.186666488647461,7.00333309173584,7.486666679382324,7.603333473205566
2022-11-25,7.269666830698649,7.20033343633016,7.12066666285197,7.34933360417684,7.418666998545329
2022-11-28,7.236666679382324,7.073333263397217,6.986666679382324,7.323333263397217,7.486666679382324
2022-11-29,7.143333435058594,6.986666679382324,6.893333435058594,7.236666679382324,7.393333435058594
2022-11-30,7.3476667404174805,7.185333251953125,6.87066650390625,7.6623334884643555,7.824666976928711
2022-12-01,7.736666679382324,7.5933332443237305,7.326666355133057,8.003333568572998,8.146667003631592
2022-12-02,7.640000025431315,7.519999821980795,7.3799997965494795,7.780000050862631,7.900000254313151
2022-12-05,7.330000082651774,6.964999993642172,6.739999930063884,7.555000146230062,7.920000235239665
2022-12-06,7.021666685740153,6.84833319981893,6.706666628519694,7.163333257039389,7.336666742960612
2022-12-07,7.146666685740153,6.943333466847738,6.816666762034099,7.273333390553793,7.476666609446208
2022-12-08,7.109999974568685,6.9499999682108555,6.78000005086263,7.27999989191691,7.439999898274739
2022-12-09,7.110000133514404,7.03000020980835,6.950000286102295,7.190000057220459,7.269999980926514
2022-12-12,7.230000019073486,7.150000095367432,7.010000228881836,7.369999885559082,7.449999809265137
2022-12-13,7.6533331871032715,7.336666584014893,7.173333168029785,7.816666603088379,8.133333206176758
2022-12-14,7.404999891916911,7.209999879201254,7.0699998537699384,7.5449999173482265,7.739999930063884
2022-12-15,7.106000105539958,6.914000352223715,6.818000475565593,7.20199998219808,7.393999735514323
2022-12-16,6.913333415985107,6.74666690826416,6.593333721160889,7.066666603088379,7.233333110809326
2022-12-19,6.5,6.170000076293945,5.990000247955322,6.679999828338623,7.009999752044678
2022-12-20,6.349999904632568,6.159999847412109,6.009999752044678,6.5,6.690000057220459
2022-12-21,6.353333314259847,6.18666664759318,5.87333329518636,6.666666666666666,6.833333333333333
2022-12-22,6.293333371480306,6.206666628519693,6.093333085378011,6.406666914621988,6.493333657582601
2022-12-23,6.220000108083089,6.1400000254313145,5.990000089009603,6.370000044504801,6.450000127156575
2022-12-27,6.046666622161865,5.87333345413208,5.74666690826416,6.173333168029785,6.34666633605957
2022-12-28,6.063333352406819,5.956666628519693,5.843333085378011,6.176666895548502,6.283333619435628
2022-12-29,6.3416666984558105,6.1583333015441895,5.916666507720947,6.583333492279053,6.766666889190674
2022-12-30,6.34333340326945,6.266666730244955,6.113333384195964,6.496666749318441,6.5733334223429365
2023-01-03,6.434999942779541,6.230000019073486,6.070000171661377,6.59499979019165,6.799999713897705
2023-01-04,6.541666666666667,6.408333142598471,6.236666361490886,6.713333447774252,6.846666971842448
2023-01-05,6.353333314259847,6.216666857401529,6.113333543141683,6.456666628519693,6.593333085378011
2023-01-06,6.313333352406819,6.176666895548502,5.953333695729573,6.536666552225748,6.6733330090840655
2023-01-09,6.523333390553792,6.376666704813639,6.253333409627278,6.646666685740152,6.793333371480306
2023-01-10,6.636666456858317,6.553333123524984,6.406666437784831,6.783333142598471,6.866666475931804
2023-01-11,6.910000006357829,6.830000241597494,6.680000464121501,7.059999783833822,7.139999548594157
2023-01-12,6.946666876475017,6.84333356221517,6.676666895548503,7.1133335431416835,7.21666685740153
2023-01-13,6.926666736602783,6.8433332443237305,6.726666450500488,7.043333530426025,7.126667022705078
2023-01-17,6.983333428700765,6.816666762034098,6.563333352406819,7.236666838328043,7.40333350499471
2023-01-18,7.026666800181071,6.753333409627279,6.606666723887126,7.1733334859212246,7.446666876475017
2023-01-19,6.765000025431315,6.635000069936117,6.540000120798747,6.8599999745686855,6.989999930063884
2023-01-20,6.933333237965901,6.806666533152262,6.593333085378011,7.146666685740152,7.273333390553792
2023-01-23,7.2603333791097,7.110666910807291,6.841333707173665,7.529666582743326,7.679333051045735
2023-01-24,7.146666685740153,6.873333295186361,6.726666609446208,7.293333371480307,7.566666762034099
2023-01-25,7.059999942779541,6.849999904632568,6.480000019073486,7.429999828338623,7.639999866485596
2023-01-26,7.243333180745442,7.036666552225748,6.833333333333333,7.4466663996378575,7.653333028157552
2023-01-27,7.473333358764648,7.2166666984558105,6.883333206176758,7.806666851043701,8.063333511352539
2023-01-30,7.446666717529297,7.2833333015441895,7.196666717529297,7.5333333015441895,7.696666717529297
2023-01-31,7.660000165303548,7.500000158945719,7.220000108083089,7.940000216166178,8.100000222524006
2023-02-01,8.03333330154419,7.84666633605957,7.493332862854004,8.386666774749756,8.573333740234375
2023-02-02,8.890000025431315,8.570000012715656,8.15000025431315,9.30999978383382,9.629999796549479
2023-02-03,8.560999870300293,8.222000122070312,8.034000396728516,8.74899959564209,9.08799934387207
2023-02-06,8.361666679382324,8.188333511352539,8.066666603088379,8.483333587646484,8.65666675567627
2023-02-07,8.266666730244955,8.1233336130778,7.916667302449545,8.47333304087321,8.616666158040365
2023-02-08,8.320000012715658,8.070000330607098,7.920000394185385,8.469999949137371,8.719999631245932
2023-02-09,8.106666723887125,7.783333142598469,7.616666475931803,8.273333390553791,8.596666971842447
2023-02-10,7.610000133514404,7.360000133514404,7.210000038146973,7.760000228881836,8.010000228881836
2023-02-13,7.611666679382324,7.448333263397217,7.286666393280029,7.773333549499512,7.936666965484619
2023-02-14,8.914999961853027,8.53499984741211,7.84999942779541,9.600000381469727,9.980000495910645
2023-02-15,9.81666628519694,9.403333028157551,8.696666399637857,10.523332913716633,10.936666170756022
2023-02-16,9.873333613077799,9.436666806538899,9.163333574930826,10.146666844685871,10.583333651224772
2023-02-17,9.331666628519693,8.953333218892414,8.706666628519693,9.578333218892414,9.956666628519693
2023-02-21,8.65666675567627,8.213333129882812,7.956665992736816,8.913333892822266,9.356667518615723
2023-02-22,8.381666501363119,8.138333002726238,7.9166663487752285,8.603333155314129,8.84666665395101
2023-02-23,8.186666488647461,7.893333435058594,7.616666793823242,8.463333129882812,8.75666618347168
2023-02-24,8.053333282470703,7.9066667556762695,7.723333358764648,8.236666679382324,8.383333206176758
2023-02-27,8.073333104451498,7.916666666666668,7.8033336003621425,8.186666170756023,8.343332608540853
2023-02-28,7.9123334884643555,7.727666854858398,7.615333557128906,8.024666786193848,8.209333419799805
2023-03-01,7.763333320617676,7.616666793823242,7.543333530426025,7.836666584014893,7.983333110809326
2023-03-02,7.853333155314128,7.676666577657064,7.3833333651224775,8.146666367848715,8.32333294550578
2023-03-03,8.276666641235352,8.053333282470703,7.776666641235352,8.553333282470703,8.776666641235352
2023-03-06,8.309999783833822,8.169999758402508,8.059999783833822,8.419999758402508,8.559999783833822
2023-03-07,8.298333168029785,8.171666145324707,8.063332557678223,8.40666675567627,8.533333778381348
2023-03-08,8.256666819254557,7.933333714803059,7.736667315165201,8.453333218892414,8.776666323343912
2023-03-09,7.87666670481364,7.493333180745443,7.296666304270427,8.073333581288656,8.456667105356853
2023-03-10,7.436666647593181,7.193333466847738,7.036667029062907,7.593333085378012,7.836666266123454
2023-03-13,7.7366665204366045,7.323333422342936,6.77666695912679,8.28333298365275,8.696666081746418
2023-03-14,7.936666806538899,7.733333269755045,7.576666673024495,8.09333340326945,8.296666940053303
2023-03-15,7.863333225250244,7.736666679382324,7.573333263397217,8.026666641235352,8.153333187103271
2023-03-16,7.973333358764648,7.866666793823242,7.753333568572998,8.086666584014893,8.193333148956299
2023-03-17,7.916666666666667,7.8033336003621425,7.726667086283366,7.993333180745443,8.106666247049969
2023-03-20,7.964999993642171,7.834999720255533,7.589999516805013,8.210000197092691,8.340000470479328
2023-03-21,8.376666704813639,8.243333180745442,8.036666552225748,8.583333333333332,8.71666685740153
2023-03-22,8.34333324432373,8.066666603088379,7.923333168029785,8.486666679382324,8.763333320617676
2023-03-23,8.350000063578287,8.139999707539875,7.949999491373697,8.540000279744465,8.750000635782877
2023-03-24,8.203333536783854,8.05666669209798,7.913333574930826,8.346666653951008,8.493333498636881
2023-03-27,8.099999904632568,7.880000114440918,7.720000267028809,8.259999752044678,8.479999542236328
2023-03-28,8.02999989191691,7.939999898274738,7.879999796549479,8.08999999364217,8.179999987284342
2023-03-29,8.173666636149088,8.097333272298176,7.974666277567545,8.296333630879719,8.372666994730631
2023-03-30,8.193333307902018,8.006666501363117,7.863333384195963,8.336666425069172,8.523333231608072
2023-03-31,8.336666425069174,8.19333330790202,7.9366668065389,8.593332926432293,8.736666043599447
2023-04-03,8.373333295186361,8.216666857401531,8.053333600362143,8.53666655222575,8.69333299001058
2023-04-04,8.373333295186361,8.206666628519695,8.063332875569662,8.516667048136394,8.68333371480306
2023-04-05,8.15666659673055,7.663333574930828,7.346667130788168,8.47333304087321,8.966666062672934
2023-04-06,8.006666819254557,7.8733332951863595,7.65666643778483,8.223333676656086,8.356667200724283
2023-04-10,8.243333339691162,8.046667098999023,7.703333854675293,8.586666584014893,8.783332824707031
2023-04-11,8.579999923706055,8.369999885559082,8.130000114440918,8.819999694824219,9.029999732971191
2023-04-12,8.46833324432373,8.161666870117188,7.99333381652832,8.636666297912598,8.94333267211914
2023-04-13,8.570000012715658,8.44000021616618,8.300000508626303,8.709999720255535,8.839999516805014
2023-04-14,8.730000178019205,8.550000508626301,8.290000597635904,8.990000089009602,9.169999758402506
2023-04-17,8.873333295186361,8.706666628519695,8.613333066304525,8.966666857401531,9.133333524068197
2023-04-18,8.823333422342936,8.6266663869222,8.523333231608072,8.926666577657063,9.123333613077799
2023-04-19,8.5426664352417,8.427332878112793,8.364665985107422,8.60533332824707,8.720666885375977
2023-04-20,8.259999910990397,8.019999821980793,7.8900000254313145,8.389999707539875,8.629999796549479
2023-04-21,8.163333574930826,8.106666882832844,8.033333460489908,8.236666997273762,8.293333689371744
2023-04-24,8.096666812896729,7.943333625793457,7.7866668701171875,8.253333568572998,8.40666675567627
2023-04-25,7.830000082651774,7.639999707539877,7.539999643961589,7.930000146230062,8.12000052134196
2023-04-26,7.766666571299235,7.623333295186361,7.506666819254558,7.883333047231039,8.026666323343914
2023-04-27,7.816666603088379,7.723333358764648,7.62666654586792,7.913333415985107,8.006666660308838
2023-04-28,7.789999961853027,7.579999923706055,7.409999847412109,7.960000038146973,8.170000076293945
2023-05-01,7.753333409627278,7.68666664759318,7.593333085378011,7.846666971842447,7.913333733876546
2023-05-02,7.643333276112874,7.376666704813639,7.163333257039388,7.856666723887125,8.12333329518636
2023-05-03,7.563333193461101,7.446666558583578,7.333333174387614,7.676666577657064,7.793333212534587
2023-05-04,7.393333435058594,7.266666889190674,7.15333366394043,7.506666660308838,7.633333206176758
2023-05-05,7.426666736602783,7.303333282470703,7.196666717529297,7.5333333015441895,7.6566667556762695
2023-05-08,7.728333314259847,7.601666609446207,7.463333447774251,7.866666475931803,7.993333180745442
2023-05-09,9.298333168029785,8.90666675567627,8.263333320617676,9.941666603088379,10.333333015441895
2023-05-10,9.899999936421713,9.499999682108562,9.059999783833822,10.339999834696453,10.740000089009603
2023-05-11,9.916333516438803,9.67366663614909,9.46733315785726,10.122666994730633,10.365333875020346
2023-05-12,9.660000165303549,9.310000101725262,9.120000203450521,9.850000063578289,10.200000127156576
2023-05-15,9.380000432332357,9.160000483194988,8.800000508626303,9.740000406901043,9.960000356038412
2023-05-16,9.483333587646484,9.33666706085205,9.203333854675293,9.616666793823242,9.763333320617676
2023-05-17,9.998333295186361,9.711666742960613,9.173333485921225,10.53666655222575,10.823333104451498
2023-05-18,11.313333511352539,10.816666603088379,9.893333435058594,12.236666679382324,12.733333587646484
2023-05-19,11.880000114440918,11.350000381469727,10.99000072479248,12.239999771118164,12.769999504089355
2023-05-22,11.77833334604899,11.451667149861652,11.063334147135416,12.166666348775227,12.493332544962565
2023-05-23,12.643333435058594,11.866666793823242,11.09333324432373,13.416666984558105,14.193333625793457
2023-05-24,12.15999984741211,11.889999389648438,11.549999237060547,12.5,12.770000457763672
2023-05-25,12.800000190734863,12.380000114440918,11.920000076293945,13.260000228881836,13.680000305175781
2023-05-26,13.554999669392904,12.91499964396159,12.179999669392904,14.28999964396159,14.929999669392904
2023-05-30,14.651666641235352,14.298333168029785,13.886666297912598,15.063333511352539,15.416666984558105
2023-05-31,14.43999989827474,14.089999834696453,13.469999631245932,15.060000101725262,15.410000165303549
2023-06-01,14.65333334604899,14.086666425069172,13.633332888285318,15.106666882832844,15.673333803812662
2023-06-02,14.570000012715658,14.110000292460125,13.700000127156576,14.980000178019207,15.43999989827474
2023-06-05,15.101666450500488,14.50333309173584,13.766666412353516,15.838333129882812,16.43666648864746
2023-06-06,15.320000012715658,15.060000101725262,14.660000165303549,15.719999949137371,15.979999860127768
2023-06-07,15.456666628519693,13.753333409627277,12.816667238871256,16.393332799275715,18.09666601816813
2023-06-08,15.056666692097982,14.523333231608074,13.856666882832846,15.72333304087321,16.25666650136312
2023-06-09,15.273333231608072,14.566666920979817,14.113333384195963,15.726666768391926,16.43333307902018
2023-06-12,15.670000076293945,15.309999465942383,14.969999313354492,16.010000228881836,16.3700008392334
2023-06-13,15.811000188191732,15.351999918619793,14.703999837239584,16.45900026957194,16.918000539143883
2023-06-14,15.84666665395101,15.503332773844402,15.096665700276693,16.25333372751872,16.596667607625328
2023-06-15,16.293333689371746,15.796666463216148,14.993332544962566,17.096667607625328,17.593334833780926
2023-06-16,16.406666437784832,15.903333028157554,15.506666819254558,16.803332646687828,17.306666056315105
2023-06-20,16.086666425069172,15.283333460489906,14.77666695912679,16.59333292643229,17.396665891011555
2023-06-21,14.921666781107584,14.08833344777425,13.536666552225748,15.473333676656086,16.306667009989418
2023-06-22,14.116666475931803,13.793333371480305,13.536666552225748,14.37333329518636,14.696666399637857
2023-06-23,13.910000165303549,13.679999987284344,13.330000241597494,14.259999910990398,14.490000089009603
2023-06-26,14.0633331934611,13.706666310628254,13.473333040873209,14.296666463216145,14.65333334604899
2023-06-27,14.443333307902018,14.1266663869222,13.643333117167154,14.926666577657063,15.243333498636881
2023-06-28,15.058333396911621,14.686666488647461,14.09333324432373,15.651666641235352,16.02333354949951
2023-06-29,15.276666641235352,14.983333587646484,14.766667366027832,15.493332862854004,15.786665916442871
2023-06-30,15.453333218892416,15.106666247049969,14.88333257039388,15.676666895548504,16.023333867390953
2023-07-03,15.433333396911621,15.276666641235352,15.033332824707031,15.676667213439941,15.833333969116211
2023-07-05,15.566666603088379,15.363332748413086,15.026665687561035,15.90333366394043,16.106667518615723
2023-07-06,15.044333457946777,14.705666542053223,14.281332969665527,15.468667030334473,15.807333946228027
2023-07-07,15.476666450500488,15.053333282470703,14.766666412353516,15.763333320617676,16.18666648864746
2023-07-10,15.858332951863607,15.38666598002116,14.473332722981771,16.771666208902996,17.243333180745445
2023-07-11,16.523333231608074,16.116666158040367,15.743332544962566,16.896666844685875,17.303333918253582
2023-07-12,16.64666684468587,16.353333155314125,16.116666158040363,16.883333841959633,17.17666753133138
2023-07-13,16.87700017293294,16.494000116984047,16.248000462849934,17.122999827067055,17.50599988301595
2023-07-14,16.55666669209798,16.11333338419596,15.826667149861652,16.84333292643229,17.28666623433431
2023-07-17,17.10333315531413,16.616666158040367,15.833332697550457,17.88666661580404,18.3733336130778
2023-07-18,17.799999872843426,17.47000058492025,16.86000124613444,18.409999211629234,18.73999849955241
2023-07-19,18.268333435058594,17.54166603088379,17.03333282470703,18.77666664123535,19.503334045410156
2023-07-20,17.369999567667644,16.73999913533529,16.349999109903973,17.75999959309896,18.390000025431316
2023-07-21,16.640000025431316,15.790000279744469,15.150000254313152,17.280000050862633,18.12999979654948
2023-07-24,16.376667022705078,16.06333351135254,15.80666732788086,16.633333206176758,16.946666717529297
2023-07-25,16.586666742960613,16.313332875569664,16.076666514078777,16.8233331044515,17.09666697184245
2023-07-26,16.416666666666668,16.14333279927572,15.856665293375652,16.703334172566734,16.976668039957683
2023-07-27,16.446666717529297,15.703332901000977,15.25666618347168,16.893333435058594,17.636667251586914
2023-07-28,17.50666618347168,17.043333053588867,16.27666664123535,18.273332595825195,18.736665725708008
2023-07-31,19.40500005086263,18.81499926249186,17.789998372395832,20.430000940958656,21.020001729329426
2023-08-01,19.81999969482422,19.399999618530273,18.809999465942383,20.40999984741211,20.829999923706055
2023-08-02,18.913333257039387,18.206665674845375,17.443332036336262,19.6766668955485,20.383334477742512
2023-08-03,18.873332977294922,18.446666717529297,18.183334350585938,19.13666534423828,19.563331604003906
2023-08-04,18.453333536783855,17.826667149861656,17.453333536783855,18.826667149861656,19.453333536783855
2023-08-07,17.796666463216145,17.203333536783852,16.416667302449543,18.583332697550453,19.176665623982746
2023-08-08,16.876667022705078,16.263334274291992,15.48666763305664,17.65333366394043,18.266666412353516
2023-08-09,15.756666819254557,14.593333562215168,13.936667124430338,16.413333257039387,17.576666514078774
2023-08-10,15.509999910990397,15.149999936421711,14.890000025431315,15.769999821980793,16.129999796549477
2023-08-11,15.299999872843424,15.019999821980793,14.629999796549479,15.689999898274738,15.96999994913737
2023-08-14,15.46999994913737,15.200000127156574,14.679999987284342,15.990000089009602,16.259999910990395
2023-08-15,15.509999910990397,15.149999936421711,14.929999987284342,15.729999860127766,16.08999983469645
2023-08-16,15.431666692097982,15.138333002726238,14.826666196187338,15.743333498636883,16.03666718800863
2023-08-17,14.540666580200195,13.644332885742188,13.138666152954102,15.046333312988281,15.942667007446289
2023-08-18,14.226666768391928,13.853333155314129,13.306666692097982,14.773333231608074,15.146666844685873
2023-08-21,14.539999961853027,14.300000190734863,14.100000381469727,14.739999771118164,14.979999542236328
2023-08-22,14.81000010172526,14.490000089009602,14.31000010172526,14.990000089009602,15.31000010172526
2023-08-23,15.063333511352539,14.65666675567627,14.013333320617676,15.706666946411133,16.113333702087402
2023-08-24,14.575000127156576,13.44000021616618,12.740000089009603,15.275000254313152,16.41000016530355
2023-08-25,14.396666526794434,14.143333435058594,13.756667137145996,14.783332824707031,15.036665916442871
2023-08-28,14.673333485921225,14.466666857401531,14.293333371480307,14.846666971842449,15.053333600362143
2023-08-29,15.176666577657064,14.72333304087321,14.046666463216146,15.853333155314129,16.306666692097984
2023-08-30,16.003333409627277,15.656666437784828,14.983332951863606,16.6766668955485,17.02333386739095
2023-08-31,15.15999984741211,14.469999313354492,13.959999084472656,15.670000076293945,16.360000610351562
2023-09-01,15.125,14.885000228881836,14.59000015258789,15.420000076293945,15.65999984741211
2023-09-05,15.176666577657064,14.933333079020183,14.656666119893393,15.453333536783855,15.696667035420736
2023-09-06,15.333333333333334,15.046666781107586,14.793333371480307,15.586666742960613,15.873333295186361
2023-09-07,14.913333257039389,14.586666742960613,13.963333447774252,15.53666655222575,15.863333066304525
2023-09-08,15.274999936421713,14.94000021616618,14.75000031789144,15.464999834696453,15.799999554951986
2023-09-11,15.75,15.399999618530273,15.00999927520752,16.140000343322754,16.49000072479248
2023-09-12,15.723333358764648,15.296667098999023,15.003334045410156,16.016666412353516,16.44333267211914
2023-09-13,15.623333613077799,15.396666844685871,15.193333307902018,15.826667149861652,16.05333391825358
2023-09-14,15.780000368754068,15.519999821980793,15.209999720255533,16.09000047047933,16.350001017252602
2023-09-15,15.466666539510092,15.03333346048991,14.736666997273764,15.763333002726238,16.19666608174642
2023-09-18,15.386666615804037,15.143333117167156,14.826666196187338,15.703333536783855,15.946667035420736
2023-09-19,15.20633316040039,14.89366626739502,14.637332916259766,15.462666511535645,15.775333404541016
2023-09-20,14.965999921162924,14.506999651590984,14.273999532063803,15.199000040690105,15.658000310262045
2023-09-21,14.093000094095865,13.587000211079914,13.17400042215983,14.50599988301595,15.0119997660319
2023-09-22,14.191666603088379,13.96833324432373,13.806666374206543,14.353333473205566,14.576666831970215
2023-09-25,14.09333324432373,13.946666717529297,13.673333168029785,14.366666793823242,14.513333320617676
2023-09-26,14.00333340962728,13.836666742960613,13.713333447774252,14.12666670481364,14.293333371480307
2023-09-27,14.65666675567627,14.353333473205566,13.856666564941406,15.15333366394043,15.456666946411133
2023-09-28,15.518333435058594,15.076666831970215,14.383333206176758,16.21166706085205,16.65333366394043
2023-09-29,16.256666501363117,15.703333536783852,15.406667073567707,16.553332964579262,17.106665929158527
2023-10-02,16.03000036875407,15.620000203450523,15.360000292460125,16.29000027974447,16.700000445048016
2023-10-03,15.163333257039389,14.556666056315105,14.213332494099935,15.506666819254558,16.113334019978844
2023-10-04,15.579999923706055,15.309999465942383,14.889999389648438,16.0,16.270000457763672
2023-10-05,15.706666628519693,15.513333638509113,15.21666685740153,16.003333409627277,16.196666399637856
2023-10-06,16.27166684468587,15.848333994547524,15.086667378743488,17.033333460489906,17.456666310628254
2023-10-09,17.21999994913737,16.609999974568687,15.609999338785808,18.22000058492025,18.830000559488933
2023-10-10,17.93999989827474,17.480000178019203,17.160001118977863,18.25999895731608,18.719998677571613
2023-10-11,18.03000005086263,17.61999956766764,17.31999905904134,18.33000055948893,18.740001042683918
2023-10-12,17.91033363342285,17.58066749572754,17.22133445739746,18.26966667175293,18.599332809448242
2023-10-13,17.59666697184245,17.03333409627279,16.70666758219401,17.923333485921226,18.486666361490887
2023-10-16,17.163333257039387,16.866667429606117,16.373334248860676,17.65666643778483,17.953332265218098
2023-10-17,17.593333562215168,17.15666643778483,16.47333272298177,18.276667277018227,18.713334401448567
2023-10-18,17.536666870117188,16.853334426879883,16.506668090820312,17.883333206176758,18.566665649414062
2023-10-19,17.203332901000977,16.8266658782959,16.593332290649414,17.43666648864746,17.81333351135254
2023-10-20,16.286667188008625,15.633333841959633,15.156667073567707,16.76333395640055,17.416667302449543
